track_id,title,artist,source_url,audio_path,license_name,license_url,training_use_permission,commercial_use_permission,rights_review_status,rights_reviewed_by,rights_review_date,genre_labels,notes
inc_big_rock,Big Rock,Kevin MacLeod,https://incompetech.com/music/royalty-free/index.html?isrc=USUAN1100305,data/audio/inc_big_rock.mp3,CC-BY-4.0,https://creativecommons.org/licenses/by/4.0/,yes,yes,pending,,,rock,"La page officielle indique CC BY 4.0; attribution obligatoire; statut pending jusqu'à revue humaine du périmètre entraînement et des droits concernés."
inc_aitech,Aitech,Kevin MacLeod,https://incompetech.com/music/royalty-free/index.html?isrc=USUAN1100336,data/audio/inc_aitech.mp3,CC-BY-4.0,https://creativecommons.org/licenses/by/4.0/,yes,yes,pending,,,rock,"La page officielle indique CC BY 4.0; attribution obligatoire; statut pending jusqu'à revue humaine du périmètre entraînement et des droits concernés."
inc_exhilarate,Exhilarate,Kevin MacLeod,https://incompetech.com/music/royalty-free/index.html?isrc=USUAN1300028,data/audio/inc_exhilarate.mp3,CC-BY-4.0,https://creativecommons.org/licenses/by/4.0/,yes,yes,pending,,,rock,"La page officielle indique CC BY 4.0; attribution obligatoire; statut pending jusqu'à revue humaine du périmètre entraînement et des droits concernés."
inc_study_and_relax,Study And Relax,Kevin MacLeod,https://incompetech.com/music/royalty-free/index.html?isrc=USUAN1900030,data/audio/inc_study_and_relax.mp3,CC-BY-4.0,https://creativecommons.org/licenses/by/4.0/,yes,yes,pending,,,jazz,"La page officielle indique CC BY 4.0; attribution obligatoire; statut pending jusqu'à revue humaine du périmètre entraînement et des droits concernés."
inc_faster_does_it,Faster Does It,Kevin MacLeod,https://incompetech.com/music/royalty-free/index.html?isrc=USUAN1100794,data/audio/inc_faster_does_it.mp3,CC-BY-4.0,https://creativecommons.org/licenses/by/4.0/,yes,yes,pending,,,jazz,"La page officielle indique CC BY 4.0; attribution obligatoire; statut pending jusqu'à revue humaine du périmètre entraînement et des droits concernés."
inc_enter_the_party,Enter the Party,Kevin MacLeod,https://incompetech.com/music/royalty-free/index.html?Search=Search&isrc=USUAN1100240,data/audio/inc_enter_the_party.mp3,CC-BY-4.0,https://creativecommons.org/licenses/by/4.0/,yes,yes,pending,,,funk,"La page officielle indique CC BY 4.0; attribution obligatoire; statut pending jusqu'à revue humaine du périmètre entraînement et des droits concernés."
inc_style_funk,Style Funk,Kevin MacLeod,https://incompetech.com/music/royalty-free/index.html?isrc=USUAN1100058,data/audio/inc_style_funk.mp3,CC-BY-4.0,https://creativecommons.org/licenses/by/4.0/,yes,yes,pending,,,funk,"La page officielle indique CC BY 4.0; attribution obligatoire; statut pending jusqu'à revue humaine du périmètre entraînement et des droits concernés."
inc_clear_air,Clear Air,Kevin MacLeod,https://incompetech.com/music/royalty-free/index.html?isrc=USUAN1100626,data/audio/inc_clear_air.mp3,CC-BY-4.0,https://creativecommons.org/licenses/by/4.0/,yes,yes,pending,,,pop,"La page officielle indique CC BY 4.0; attribution obligatoire; statut pending jusqu'à revue humaine du périmètre entraînement et des droits concernés."
inc_equatorial_complex,Equatorial Complex,Kevin MacLeod,https://incompetech.com/music/royalty-free/index.html?isrc=USUAN2300008,data/audio/inc_equatorial_complex.mp3,CC-BY-4.0,https://creativecommons.org/licenses/by/4.0/,yes,yes,pending,,,electronica,"La page officielle indique CC BY 4.0; attribution obligatoire; statut pending jusqu'à revue humaine du périmètre entraînement et des droits concernés."
inc_cloud_dancer,Cloud Dancer,Kevin MacLeod,https://incompetech.com/music/royalty-free/index.html?isrc=USUAN2300007,data/audio/inc_cloud_dancer.mp3,CC-BY-4.0,https://creativecommons.org/licenses/by/4.0/,yes,yes,pending,,,electronica,"La page officielle indique CC BY 4.0; attribution obligatoire; statut pending jusqu'à revue humaine du périmètre entraînement et des droits concernés."
inc_cretaceous_dawn,Cretaceous Dawn,Kevin MacLeod,https://incompetech.com/music/royalty-free/index.html?isrc=USUAN2500001,data/audio/inc_cretaceous_dawn.mp3,CC-BY-4.0,https://creativecommons.org/licenses/by/4.0/,yes,yes,pending,,,world,"La page officielle indique CC BY 4.0; attribution obligatoire; statut pending jusqu'à revue humaine du périmètre entraînement et des droits concernés."
inc_sauropod_spotting,Sauropod Spotting,Kevin MacLeod,https://incompetech.com/music/royalty-free/index.html?isrc=USUAN2500002,data/audio/inc_sauropod_spotting.mp3,CC-BY-4.0,https://creativecommons.org/licenses/by/4.0/,yes,yes,pending,,,world,"La page officielle indique CC BY 4.0; attribution obligatoire; statut pending jusqu'à revue humaine du périmètre entraînement et des droits concernés."
